{"Client_C002/post_test_loss":1.6338136176709777,"Client_C012/post_test_loss":1.5911375905849316,"Client_C017/post_test_loss":2.1212502974051017,"Client_C004/pre_test_acc":0.1925925925925926,"Clients/avg_pre_test_acc":0.1748888888888889,"Global/test_acc":0.149,"Client_C013/pre_test_acc":0.02666666666666667,"Client_C008/post_test_loss":1.4255684068467882,"Client_C013/post_test_loss":1.3924500396516588,"Client_C006/pre_test_acc":0.15407407407407409,"Client_C016/pre_test_acc":0.1451851851851852,"Client_C007/num_samples":2025,"Client_C005/post_test_acc":0.5748148148148148,"Client_C018/post_test_loss":1.3908261534019752,"best_global_test_acc":0.149,"Client_C010/pre_test_acc":0.23703703703703705,"Client_C018/pre_test_acc":0.023703703703703703,"Client_C017/post_test_acc":0.41185185185185186,"Client_C006/post_test_acc":0.43407407407407406,"Global/final_round":3,"Client_C003/num_samples":2025,"Client_C005/pre_test_acc":0.2414814814814815,"Client_C018/post_test_acc":0.41333333333333333,"Client_C012/num_samples":2025,"Client_C014/pre_test_acc":0.18518518518518517,"Client_C001/pre_test_acc":0.15259259259259259,"Client_C014/num_samples":2025,"Client_C009/num_samples":2025,"Client_C016/post_test_acc":0.4725925925925926,"Client_C013/post_test_acc":0.397037037037037,"Global/step":3,"Client_C008/num_samples":2025,"Client_C015/pre_test_loss":2.257396133210924,"Client_C001/post_test_acc":0.46814814814814815,"Client_C011/post_test_acc":0.46074074074074073,"best_client_post_test_acc":0.4839259259259259,"Client_C016/pre_test_loss":2.3063136708294905,"Client_C014/post_test_loss":1.0221073642483465,"Client_C013/pre_test_loss":2.3116952670062028,"Client_C004/post_test_acc":0.6459259259259259,"Client_C019/pre_test_loss":2.2700541669351084,"Client_C003/post_test_loss":1.328445569674174,"Client_C005/post_test_loss":1.0370253695382012,"Client_C016/num_samples":2025,"Client_C015/pre_test_acc":0.24296296296296296,"Client_C011/pre_test_loss":2.3038257531766537,"Client_C009/pre_test_acc":0.18518518518518517,"Client_C008/pre_test_loss":2.3143309893431487,"Client_C004/post_test_loss":0.9414520131217109,"Client_C000/num_samples":2025,"final_global_test_acc":0.149,"Client_C017/num_samples":2025,"Client_C004/pre_test_loss":2.2676388821778475,"_timestamp":1.75890954370114e+09,"Client_C011/post_test_loss":1.3758365329106648,"final_client_pre_test_acc":0.1748888888888889,"Client_C003/pre_test_acc":0.02074074074074074,"final_round":3,"Client_C010/post_test_acc":0.5096296296296297,"Client_C007/pre_test_acc":0.27111111111111114,"Client_C002/num_samples":2025,"Client_C012/post_test_acc":0.3896296296296296,"Client_C009/post_test_acc":0.6711111111111111,"Client_C005/num_samples":2025,"Client_C006/num_samples":2025,"Client_C012/pre_test_loss":2.2552918737905996,"Client_C010/pre_test_loss":2.2567756525675455,"Client_C002/pre_test_acc":0.26814814814814814,"Client_C005/pre_test_loss":2.2572337984155726,"_runtime":76.413275007,"Client_C004/num_samples":2025,"_wandb":{"runtime":76},"Client_C008/post_test_acc":0.362962962962963,"Client_C002/post_test_acc":0.3540740740740741,"Client_C015/post_test_loss":1.012770684030321,"Client_C000/post_test_loss":1.200468441998517,"Client_C010/post_test_loss":1.3039727565977308,"Client_C002/pre_test_loss":2.253762706827234,"Client_C014/pre_test_loss":2.273579169732553,"Client_C007/post_test_loss":1.1929778132615265,"Client_C009/post_test_loss":0.8753087636276528,"Client_C017/pre_test_loss":2.256355778729474,"final_global_test_loss":2.2818565483093263,"Client_C014/post_test_acc":0.5851851851851851,"Client_C000/post_test_acc":0.5214814814814814,"Client_C019/post_test_loss":1.0146959218272456,"Client_C018/pre_test_loss":2.319735447212502,"Client_C018/num_samples":2025,"Client_C019/num_samples":2025,"Client_C000/pre_test_loss":2.249625064002143,"Client_C009/pre_test_loss":2.2755050811061155,"Global/test_loss":2.2818565483093263,"Client_C003/post_test_acc":0.3896296296296296,"Client_C015/post_test_acc":0.56,"Client_C013/num_samples":2025,"Client_C012/pre_test_acc":0.28296296296296297,"Client_C001/num_samples":2025,"Client_C015/num_samples":2025,"Client_C008/pre_test_acc":0.02962962962962963,"Clients/avg_post_test_acc":0.4839259259259259,"Client_C017/pre_test_acc":0.2725925925925926,"Client_C019/pre_test_acc":0.17333333333333334,"Client_C016/post_test_loss":1.2233600137851857,"Client_C019/post_test_acc":0.5807407407407408,"Client_C011/pre_test_acc":0.15407407407407409,"Client_C001/post_test_loss":1.2091234659265588,"Client_C011/num_samples":2025,"Client_C000/pre_test_acc":0.23851851851851852,"_step":3,"Client_C007/pre_test_loss":2.2464140542348225,"Clients/avg_pre_test_loss":2.280442727106589,"Client_C010/num_samples":2025,"Client_C006/post_test_loss":1.3791719410154555,"Client_C001/pre_test_loss":2.304916218298453,"Clients/avg_post_test_loss":1.2835881378562362,"Client_C007/post_test_acc":0.47555555555555556,"Client_C003/pre_test_loss":2.321910103338736,"Client_C006/pre_test_loss":2.3064947311966506,"final_client_post_test_acc":0.4839259259259259}