{"_wandb":{"runtime":852},"Client_C018/post_test_loss":2.1032649283055904,"final_global_test_acc":0.31866666666666665,"Client_C003/num_samples":2025,"Client_C016/post_test_acc":0.76,"Client_C009/post_test_acc":0.8785185185185185,"Client_C013/pre_test_acc":0.6118518518518519,"Client_C015/pre_test_loss":1.008640674612252,"Client_C018/post_test_acc":0.5851851851851851,"Client_C004/pre_test_loss":0.4898511068798884,"_step":20,"Client_C000/pre_test_acc":0.8118518518518518,"Client_C001/pre_test_acc":0.7496296296296296,"Client_C016/pre_test_loss":1.1064291826552815,"Client_C008/post_test_loss":1.8519319419507627,"Client_C005/pre_test_loss":1.0205914667911,"Client_C003/pre_test_loss":1.8061717408674736,"Client_C005/post_test_acc":0.797037037037037,"Client_C019/pre_test_loss":0.5090201445874603,"Client_C007/num_samples":2025,"Client_C001/post_test_acc":0.7466666666666667,"Clients/avg_post_test_loss":1.1652100124179297,"Client_C018/num_samples":2025,"Client_C003/post_test_acc":0.6133333333333333,"Client_C016/post_test_loss":1.204679362807009,"best_global_test_acc":0.31916666666666665,"Client_C012/pre_test_acc":0.8014814814814815,"Client_C000/num_samples":2025,"Client_C000/post_test_loss":0.9136559036422383,"Client_C019/pre_test_acc":0.8903703703703704,"Client_C005/post_test_loss":1.0151714295282512,"Client_C013/post_test_acc":0.6192592592592593,"Client_C017/pre_test_acc":0.7688888888888888,"final_client_pre_test_acc":0.7650370370370371,"Client_C013/post_test_loss":1.9425256813013996,"Client_C008/num_samples":2025,"Client_C010/pre_test_acc":0.7822222222222223,"Client_C005/pre_test_acc":0.794074074074074,"Client_C019/num_samples":2025,"Client_C003/pre_test_acc":0.6237037037037036,"Client_C008/pre_test_loss":1.8170009935343707,"Client_C013/num_samples":2025,"Global/step":20,"Client_C002/post_test_acc":0.8340740740740741,"Client_C010/post_test_acc":0.7733333333333333,"Client_C019/post_test_acc":0.8874074074074074,"Client_C007/post_test_acc":0.802962962962963,"Client_C014/post_test_loss":0.5142427077706627,"Client_C002/pre_test_loss":0.8120348924839939,"Client_C006/post_test_loss":1.4770544276469284,"Client_C002/post_test_loss":0.7933292031288147,"Client_C007/pre_test_loss":0.9504053786897135,"Global/test_acc":0.31866666666666665,"Client_C011/pre_test_acc":0.7140740740740741,"Client_C014/pre_test_acc":0.8814814814814815,"Client_C013/pre_test_loss":1.7250073079709654,"Client_C010/pre_test_loss":1.0369049208583656,"Client_C006/pre_test_loss":1.3641657601766013,"Client_C006/post_test_acc":0.7274074074074074,"Client_C017/post_test_loss":1.195800786713759,"Client_C015/post_test_acc":0.8088888888888889,"Client_C012/post_test_loss":0.7755920680653717,"Client_C015/post_test_loss":1.0093552476752343,"Client_C003/post_test_loss":2.323770741621653,"Client_C014/post_test_acc":0.88,"Client_C012/post_test_acc":0.8118518518518518,"Client_C009/pre_test_acc":0.8859259259259259,"Global/test_loss":8.420549360116324,"Client_C006/num_samples":2025,"best_client_post_test_acc":0.7643703703703704,"Client_C015/pre_test_acc":0.8059259259259259,"Client_C018/pre_test_loss":1.7208899780556008,"final_client_post_test_acc":0.7643703703703704,"Client_C011/post_test_loss":1.2963959700703898,"_runtime":852.526771483,"Client_C004/post_test_acc":0.8918518518518519,"Client_C017/num_samples":2025,"Client_C007/post_test_loss":0.9833922897530202,"Global/final_round":20,"Client_C006/pre_test_acc":0.7155555555555555,"Client_C001/post_test_loss":1.2180804698831504,"Client_C014/pre_test_loss":0.5418332850073326,"Clients/avg_pre_test_loss":1.0867926560024455,"Client_C005/num_samples":2025,"Client_C016/num_samples":2025,"Client_C016/pre_test_acc":0.7362962962962963,"Client_C004/num_samples":2025,"Client_C001/pre_test_loss":1.163532502618101,"Client_C002/num_samples":2025,"Client_C002/pre_test_acc":0.8192592592592592,"Client_C008/pre_test_acc":0.6118518518518519,"Client_C000/post_test_acc":0.8014814814814815,"final_global_test_loss":8.420549360116324,"Clients/avg_post_test_acc":0.7643703703703704,"Client_C014/num_samples":2025,"Client_C004/pre_test_acc":0.8903703703703704,"Client_C011/post_test_acc":0.7303703703703703,"Client_C018/pre_test_acc":0.6177777777777778,"Client_C008/post_test_acc":0.5585185185185185,"Client_C010/post_test_loss":1.0672539037686808,"Clients/avg_pre_test_acc":0.7650370370370371,"Client_C010/num_samples":2025,"Client_C007/pre_test_acc":0.7881481481481482,"Client_C009/pre_test_loss":0.5389003619793112,"Client_C017/pre_test_loss":1.1049739120183169,"final_round":20,"Client_C019/post_test_loss":0.5513774787832517,"Client_C011/num_samples":2025,"Client_C004/post_test_loss":0.5120082532717654,"Client_C000/pre_test_loss":0.9461295447329542,"Client_C009/num_samples":2025,"_timestamp":1.7589168318967505e+09,"Client_C012/pre_test_loss":0.8043758586118067,"Client_C011/pre_test_loss":1.2689941069180215,"Client_C017/post_test_acc":0.7792592592592592,"Client_C015/num_samples":2025,"Client_C009/post_test_loss":0.5553174526706613,"Client_C001/num_samples":2025,"Client_C012/num_samples":2025}