{"Client_C014/post_test_loss":1.0198371332663076,"Client_C019/post_test_acc":0.6459259259259259,"Client_C013/num_samples":2025,"Client_C006/pre_test_loss":2.305702879517167,"Client_C016/pre_test_acc":0.1511111111111111,"Client_C011/num_samples":2025,"Client_C010/pre_test_acc":0.2518518518518518,"Client_C010/post_test_loss":1.6586285516950818,"Client_C004/post_test_acc":0.5718518518518518,"Client_C006/num_samples":2025,"Client_C004/pre_test_acc":0.1274074074074074,"final_round":3,"Client_C015/pre_test_loss":2.2447332968535245,"Client_C018/pre_test_acc":0.09185185185185185,"Client_C012/post_test_acc":0.5081481481481481,"Client_C010/post_test_acc":0.48444444444444446,"final_client_post_test_acc":0.4866666666666667,"Client_C003/num_samples":2025,"Client_C009/pre_test_loss":2.294439765435678,"Client_C010/pre_test_loss":2.2436837429470486,"Client_C015/post_test_acc":0.5422222222222223,"Client_C007/pre_test_loss":2.260157353083293,"Client_C016/post_test_loss":1.1779546794184932,"Client_C000/pre_test_acc":0.25925925925925924,"Client_C001/pre_test_acc":0.15851851851851853,"_timestamp":1.7589097699824111e+09,"Client_C018/post_test_acc":0.3674074074074074,"Client_C006/post_test_loss":1.4514736058976916,"Client_C000/pre_test_loss":2.236251932426735,"Client_C000/post_test_loss":1.0788919584839431,"Client_C011/pre_test_loss":2.305112869474623,"Client_C003/post_test_acc":0.3511111111111111,"Client_C019/post_test_loss":0.8940127547581991,"Client_C011/post_test_loss":1.2363987193284212,"Client_C011/post_test_acc":0.4266666666666667,"Client_C002/pre_test_loss":2.2672097241436995,"Client_C004/post_test_loss":1.1679377946147211,"Client_C008/post_test_loss":1.3223230305424443,"Clients/avg_post_test_acc":0.4866666666666667,"Global/test_acc":0.11866666666666667,"Client_C001/post_test_acc":0.48,"Client_C007/post_test_acc":0.4962962962962963,"Client_C008/num_samples":2025,"Client_C012/pre_test_acc":0.2562962962962963,"Client_C008/post_test_acc":0.4074074074074074,"Client_C014/pre_test_acc":0.12444444444444444,"Client_C015/post_test_loss":1.0882878365340056,"best_client_post_test_acc":0.4866666666666667,"Client_C005/pre_test_loss":2.2434151928513137,"Global/step":3,"Clients/avg_pre_test_acc":0.17592592592592593,"Client_C017/post_test_acc":0.42814814814814817,"Client_C006/post_test_acc":0.4074074074074074,"Client_C015/num_samples":2025,"Client_C014/post_test_acc":0.5866666666666667,"Client_C009/post_test_acc":0.6281481481481481,"Client_C000/num_samples":2025,"Client_C000/post_test_acc":0.5407407407407407,"Client_C019/pre_test_acc":0.1037037037037037,"_runtime":87.135073779,"Client_C017/post_test_loss":1.655345245997111,"Client_C005/num_samples":2025,"Client_C015/pre_test_acc":0.2740740740740741,"Client_C013/pre_test_loss":2.3070056117022477,"Client_C009/pre_test_acc":0.1274074074074074,"Client_C016/post_test_acc":0.4948148148148148,"Client_C016/pre_test_loss":2.3059275305712665,"final_client_pre_test_acc":0.17592592592592593,"Client_C012/num_samples":2025,"Client_C018/num_samples":2025,"Client_C001/num_samples":2025,"Client_C013/post_test_loss":1.3888518298113788,"Client_C002/pre_test_acc":0.2548148148148148,"Client_C008/pre_test_loss":2.3111412426277442,"Client_C017/pre_test_acc":0.2577777777777778,"final_global_test_loss":2.2835714003245036,"Client_C010/num_samples":2025,"Client_C012/post_test_loss":1.1179041210810343,"Client_C003/pre_test_acc":0.0725925925925926,"Client_C019/num_samples":2025,"Client_C014/num_samples":2025,"Client_C003/pre_test_loss":2.3175023661719427,"Client_C009/post_test_loss":0.9832398796081543,"best_global_test_acc":0.12216666666666667,"Client_C012/pre_test_loss":2.267209355742843,"Client_C002/post_test_loss":1.3300043840761537,"Client_C004/num_samples":2025,"Client_C006/pre_test_acc":0.17333333333333334,"Client_C017/num_samples":2025,"Client_C002/post_test_acc":0.4488888888888889,"_wandb":{"runtime":87},"Client_C011/pre_test_acc":0.1511111111111111,"Client_C001/post_test_loss":1.273138050503201,"Client_C004/pre_test_loss":2.29233461132756,"Client_C016/num_samples":2025,"Client_C003/post_test_loss":1.3712325625949435,"Client_C001/pre_test_loss":2.3034697317194057,"Client_C008/pre_test_acc":0.07407407407407407,"Global/final_round":3,"Client_C014/pre_test_loss":2.297161439259847,"Client_C005/pre_test_acc":0.2785185185185185,"Client_C007/post_test_loss":1.1968793950257477,"Client_C007/pre_test_acc":0.24444444444444444,"Client_C017/pre_test_loss":2.266801543765598,"Client_C005/post_test_loss":1.1525535292095608,"Clients/avg_pre_test_loss":2.2837834453052945,"Client_C007/num_samples":2025,"Client_C013/post_test_acc":0.36592592592592593,"Client_C013/pre_test_acc":0.08592592592592592,"Client_C002/num_samples":2025,"final_global_test_acc":0.11866666666666667,"Client_C018/pre_test_loss":2.3105778461032442,"Client_C019/pre_test_loss":2.295830870381108,"Client_C009/num_samples":2025,"Client_C005/post_test_acc":0.5511111111111111,"Global/test_loss":2.2835714003245036,"Clients/avg_post_test_loss":1.258532851519408,"Client_C018/post_test_loss":1.6057619679415667,"_step":3}