{"Client_C006/pre_test_loss":2.271738136079576,"final_client_pre_test_acc":0.18192592592592594,"best_client_post_test_acc":0.49622222222222223,"Client_C004/pre_test_loss":2.2680070838221797,"best_global_test_acc":0.137,"Global/test_acc":0.1185,"Client_C005/post_test_loss":1.0987627094763297,"Client_C019/pre_test_loss":2.27323522567749,"Client_C016/num_samples":2025,"Client_C005/post_test_acc":0.5748148148148148,"Client_C005/num_samples":2025,"Client_C003/pre_test_loss":2.3071428373124863,"Client_C002/post_test_acc":0.4948148148148148,"Client_C000/post_test_loss":1.3132880742461592,"Clients/avg_pre_test_loss":2.2777963205266882,"Client_C009/post_test_loss":0.8613072283179671,"Client_C011/pre_test_loss":2.270337093847769,"Client_C012/post_test_loss":1.1167651814001578,"Client_C018/pre_test_loss":2.3050795364379884,"Client_C012/pre_test_acc":0.20592592592592593,"Client_C018/pre_test_acc":0.03111111111111111,"final_global_test_loss":2.2839153334299724,"Client_C009/num_samples":2025,"Client_C019/post_test_loss":1.2527362851743344,"Client_C010/pre_test_acc":0.1748148148148148,"Client_C000/pre_test_loss":2.2596666989503085,"Client_C007/post_test_acc":0.5407407407407407,"Client_C015/pre_test_loss":2.2647985882229276,"Global/test_loss":2.2839153334299724,"Client_C000/post_test_acc":0.4785185185185185,"Client_C017/pre_test_acc":0.22814814814814816,"Client_C017/post_test_loss":1.6345430794468632,"Client_C012/post_test_acc":0.5185185185185185,"_runtime":72.126866628,"Client_C009/pre_test_acc":0.23703703703703705,"Client_C010/post_test_acc":0.5718518518518518,"Client_C002/pre_test_loss":2.2775099461166946,"Client_C006/post_test_loss":1.482116607206839,"Client_C019/num_samples":2025,"Clients/avg_post_test_loss":1.253463793348383,"Client_C014/post_test_acc":0.6459259259259259,"Client_C011/num_samples":2025,"final_global_test_acc":0.1185,"_timestamp":1.7589093395404763e+09,"Client_C006/pre_test_acc":0.24592592592592594,"Client_C015/pre_test_acc":0.18666666666666668,"Client_C011/post_test_loss":1.2250628866972746,"_step":3,"Client_C008/pre_test_loss":2.303803600028709,"Client_C015/num_samples":2025,"Client_C016/post_test_acc":0.5096296296296297,"Client_C008/post_test_acc":0.3925925925925926,"Clients/avg_post_test_acc":0.49622222222222223,"Client_C015/post_test_loss":1.2589507011131005,"Client_C002/num_samples":2025,"Client_C008/num_samples":2025,"Client_C017/num_samples":2025,"Client_C005/pre_test_loss":2.2641630960393835,"final_client_post_test_acc":0.49622222222222223,"Client_C001/pre_test_acc":0.2474074074074074,"Client_C003/num_samples":2025,"Client_C013/post_test_acc":0.3896296296296296,"Client_C009/post_test_acc":0.6622222222222223,"Client_C003/post_test_loss":1.4059815565745035,"Client_C010/num_samples":2025,"Client_C003/pre_test_acc":0.02962962962962963,"Client_C008/pre_test_acc":0.04296296296296296,"Client_C008/post_test_loss":1.3117810885111492,"Client_C004/post_test_acc":0.6207407407407407,"Client_C010/pre_test_loss":2.269900238249037,"Global/final_round":3,"Client_C018/post_test_acc":0.35703703703703704,"Client_C013/post_test_loss":1.3960720399573998,"Client_C002/post_test_loss":1.1840954180117007,"Client_C003/post_test_acc":0.3837037037037037,"Client_C013/pre_test_acc":0.03259259259259259,"Client_C000/pre_test_acc":0.19703703703703704,"Client_C014/num_samples":2025,"Client_C001/post_test_acc":0.43851851851851853,"Client_C004/pre_test_acc":0.24888888888888888,"Client_C004/post_test_loss":1.0365509607173777,"Client_C010/post_test_loss":1.0847534435766715,"Global/step":3,"Client_C014/pre_test_acc":0.22814814814814816,"Client_C004/num_samples":2025,"Client_C016/pre_test_acc":0.2237037037037037,"Client_C006/num_samples":2025,"Client_C014/post_test_loss":0.993352321960308,"Client_C016/post_test_loss":1.1782650709152223,"Client_C014/pre_test_loss":2.2744320350223117,"Client_C001/pre_test_loss":2.265798634776363,"Client_C009/pre_test_loss":2.270566651732833,"Client_C005/pre_test_acc":0.19555555555555557,"Client_C013/pre_test_loss":2.302810477504024,"Client_C013/num_samples":2025,"Client_C001/num_samples":2025,"Client_C002/pre_test_acc":0.2088888888888889,"Client_C006/post_test_acc":0.4,"Client_C017/post_test_acc":0.44,"final_round":3,"Client_C016/pre_test_loss":2.2717183830119945,"Client_C011/post_test_acc":0.4533333333333333,"Client_C001/post_test_loss":1.491018912880509,"Client_C012/pre_test_loss":2.279692382459287,"Client_C018/num_samples":2025,"Client_C012/num_samples":2025,"Client_C019/pre_test_acc":0.22518518518518518,"Client_C007/pre_test_loss":2.2743712273350467,"Client_C011/pre_test_acc":0.24296296296296296,"Client_C018/post_test_loss":1.6204601854748195,"Client_C015/post_test_acc":0.48148148148148145,"Clients/avg_pre_test_acc":0.18192592592592594,"_wandb":{"runtime":72},"Client_C007/post_test_loss":1.1234121153089736,"Client_C019/post_test_acc":0.5703703703703704,"Client_C007/pre_test_acc":0.20592592592592593,"Client_C000/num_samples":2025,"Client_C007/num_samples":2025,"Client_C017/pre_test_loss":2.2811545379073532}