{"Global/step":1,"Client_C019/pre_test_loss":2.2829790571000843,"Client_C002/num_samples":2025,"Client_C016/num_samples":2025,"Client_C003/post_test_loss":1.4042313734690348,"Client_C000/post_test_loss":1.3006291956371732,"Client_C000/pre_test_acc":0.03851851851851852,"Client_C006/num_samples":2025,"Client_C014/post_test_loss":1.1070443405928436,"Clients/avg_post_test_acc":0.4537777777777778,"Client_C014/pre_test_loss":2.2828973353350603,"final_round":1,"Client_C012/post_test_acc":0.43555555555555553,"Client_C017/pre_test_loss":2.292481507901792,"Client_C014/num_samples":2025,"Client_C010/pre_test_acc":0.04296296296296296,"Client_C001/post_test_loss":1.4074031709741663,"Client_C004/pre_test_loss":2.2782492178457754,"Client_C013/pre_test_acc":0.0044444444444444444,"Client_C013/post_test_acc":0.39111111111111113,"Client_C015/num_samples":2025,"Client_C002/pre_test_acc":0.20444444444444446,"_runtime":44.148029805,"Client_C004/num_samples":2025,"Client_C007/post_test_loss":1.2660547120482832,"Client_C009/pre_test_acc":0.27111111111111114,"Client_C002/pre_test_loss":2.28596252017551,"Client_C009/pre_test_loss":2.2806661867212368,"Client_C012/pre_test_acc":0.20444444444444446,"Client_C008/post_test_acc":0.3540740740740741,"Client_C009/post_test_loss":1.5006868139902751,"Client_C018/num_samples":2025,"Client_C007/post_test_acc":0.48444444444444446,"Client_C000/post_test_acc":0.49925925925925924,"Client_C003/pre_test_loss":2.322039737348203,"Clients/avg_pre_test_loss":2.298419269402822,"Client_C019/num_samples":2025,"_step":1,"Client_C018/pre_test_loss":2.3174612179508918,"Client_C019/post_test_loss":1.073557851049635,"Client_C019/post_test_acc":0.5866666666666667,"Client_C005/post_test_acc":0.49037037037037035,"Client_C004/post_test_acc":0.6340740740740741,"Client_C009/num_samples":2025,"Client_C003/post_test_acc":0.3451851851851852,"Client_C007/num_samples":2025,"Client_C011/post_test_acc":0.4,"Client_C003/num_samples":2025,"Client_C008/num_samples":2025,"Client_C010/num_samples":2025,"Client_C018/post_test_acc":0.3585185185185185,"Client_C013/post_test_loss":1.448469941527755,"Client_C000/pre_test_loss":2.29362904937179,"Client_C018/post_test_loss":1.8004861430768613,"Clients/avg_pre_test_acc":0.1185925925925926,"Global/test_loss":2.2964690227508546,"_wandb":{"runtime":44},"Client_C017/num_samples":2025,"best_client_post_test_acc":0.4537777777777778,"Client_C016/pre_test_loss":2.309819430951719,"Client_C011/post_test_loss":1.5752262904908922,"Client_C015/pre_test_acc":0.04296296296296296,"Client_C006/post_test_acc":0.3762962962962963,"final_global_test_loss":2.2964690227508546,"Client_C011/pre_test_acc":0.0962962962962963,"Client_C008/post_test_loss":1.9142611185709635,"Client_C001/post_test_acc":0.42074074074074075,"Client_C013/num_samples":2025,"Client_C019/pre_test_acc":0.24888888888888888,"best_global_test_acc":0.12216666666666667,"final_client_pre_test_acc":0.1185925925925926,"Client_C005/num_samples":2025,"Client_C017/post_test_acc":0.4311111111111111,"Client_C012/pre_test_loss":2.290172082759716,"Global/final_round":1,"Client_C017/pre_test_acc":0.17185185185185184,"Client_C009/post_test_acc":0.4874074074074074,"Client_C008/pre_test_acc":0.008888888888888889,"Client_C016/pre_test_acc":0.06518518518518518,"Client_C003/pre_test_acc":0.011851851851851851,"Client_C005/post_test_loss":1.4100674011089183,"Client_C004/pre_test_acc":0.26222222222222225,"Client_C015/post_test_loss":1.443187108039856,"Client_C010/post_test_acc":0.5348148148148149,"Global/test_acc":0.12216666666666667,"final_client_post_test_acc":0.4537777777777778,"Client_C002/post_test_loss":2.1413015051241273,"Client_C006/pre_test_loss":2.309470580065692,"Client_C015/post_test_acc":0.46814814814814815,"Client_C014/pre_test_acc":0.277037037037037,"Client_C016/post_test_acc":0.41333333333333333,"final_global_test_acc":0.12216666666666667,"Client_C005/pre_test_acc":0.03259259259259259,"Client_C010/post_test_loss":1.2153090770156296,"Client_C008/pre_test_loss":2.3181898268946894,"Client_C014/post_test_acc":0.5733333333333334,"Client_C006/pre_test_acc":0.09037037037037036,"Client_C002/post_test_acc":0.39111111111111113,"Client_C000/num_samples":2025,"Client_C015/pre_test_loss":2.2950364441341824,"Client_C013/pre_test_loss":2.318584660070914,"Client_C006/post_test_loss":1.6389543803532918,"Client_C007/pre_test_acc":0.20444444444444446,"Client_C011/num_samples":2025,"Client_C012/num_samples":2025,"Client_C018/pre_test_acc":0.007407407407407408,"Client_C001/pre_test_acc":0.08592592592592592,"Client_C007/pre_test_loss":2.2857420691737422,"Client_C001/pre_test_loss":2.307309986397072,"Clients/avg_post_test_loss":1.4660028977349953,"Client_C011/pre_test_loss":2.3090188008767587,"_timestamp":1.7589102575336666e+09,"Client_C004/post_test_loss":1.043607547989598,"Client_C005/pre_test_loss":2.2943107820440223,"Client_C010/pre_test_loss":2.294364894937586,"Client_C017/post_test_loss":1.8093582333458795,"Client_C001/num_samples":2025,"Client_C016/post_test_loss":1.414793428491663,"Client_C012/post_test_loss":1.4054283218030577}