{"Client_C003/num_samples":2025,"Client_C013/post_test_loss":2.137204141749276,"Client_C004/pre_test_acc":0.24296296296296296,"Client_C002/pre_test_acc":0,"final_global_test_acc":0.1,"Client_C002/post_test_loss":0.7440036425987879,"Client_C016/num_samples":2025,"Client_C014/post_test_acc":0.8429629629629629,"Clients/avg_post_test_loss":0.9682032671270254,"Client_C001/pre_test_acc":0.2237037037037037,"Client_C003/post_test_acc":0.5881481481481482,"Client_C018/post_test_acc":0.5614814814814815,"final_client_pre_test_acc":0.098,"Client_C005/pre_test_acc":0,"_timestamp":1.7589148917556093e+09,"Client_C017/pre_test_loss":2.305462669443201,"Client_C007/pre_test_loss":2.303356398476495,"Client_C004/post_test_acc":0.9037037037037037,"Client_C019/post_test_loss":0.375541485849492,"Client_C017/post_test_acc":0.6637037037037037,"Client_C013/pre_test_loss":2.298372475306193,"Client_C012/pre_test_loss":2.3050205089427807,"Client_C001/post_test_loss":0.9718147482033129,"Client_C018/pre_test_loss":2.297576086609452,"Client_C003/pre_test_acc":0,"Client_C002/post_test_acc":0.7540740740740741,"Client_C006/pre_test_acc":0.24,"Client_C001/pre_test_loss":2.3051063890810366,"Client_C011/pre_test_loss":2.30443956233837,"Client_C014/num_samples":2025,"_step":50,"Client_C006/post_test_loss":1.1114810936152935,"Client_C006/pre_test_loss":2.3047977482831037,"Client_C002/num_samples":2025,"Client_C001/post_test_acc":0.7896296296296297,"Client_C009/num_samples":2025,"Client_C008/post_test_loss":1.7159409205118814,"Client_C016/post_test_loss":0.9916292336389975,"Client_C014/pre_test_acc":0.25333333333333335,"Client_C018/post_test_loss":1.4380472921110965,"Client_C016/post_test_acc":0.7837037037037037,"Client_C011/post_test_acc":0.7911111111111111,"Client_C019/pre_test_acc":0.23703703703703705,"Client_C000/num_samples":2025,"Client_C005/post_test_acc":0.8311111111111111,"Client_C017/num_samples":2025,"Client_C012/post_test_loss":0.6805875791029797,"Client_C007/post_test_acc":0.7422222222222222,"final_global_test_loss":2.3029078781604766,"Client_C007/post_test_loss":1.163763387363266,"Client_C004/pre_test_loss":2.3012000755027486,"Client_C019/pre_test_loss":2.3010338836246067,"Client_C006/post_test_acc":0.7644444444444445,"Client_C009/post_test_acc":0.8755555555555555,"Client_C005/num_samples":2025,"Client_C003/post_test_loss":1.4811019943820105,"Client_C007/num_samples":2025,"Client_C010/pre_test_loss":2.3051747692955864,"Global/step":50,"Client_C015/post_test_loss":0.7620228259375802,"Client_C019/post_test_acc":0.9081481481481481,"Client_C000/post_test_loss":0.6539637610316277,"Client_C012/pre_test_acc":0,"best_client_post_test_acc":0.7833333333333333,"_wandb":{"runtime":2076},"Client_C018/num_samples":2025,"Client_C014/post_test_loss":0.42701035351664934,"Client_C009/pre_test_acc":0.2562962962962963,"Client_C017/pre_test_acc":0,"best_global_test_acc":0.1605,"Client_C014/pre_test_loss":2.30103770715219,"Client_C015/pre_test_acc":0,"Client_C000/post_test_acc":0.7718518518518519,"Client_C015/post_test_acc":0.8266666666666667,"Client_C016/pre_test_loss":2.3038684968595153,"final_round":50,"Client_C011/post_test_loss":0.9848676781997913,"Client_C015/num_samples":2025,"Client_C003/pre_test_loss":2.2978103037233706,"Global/test_acc":0.1,"Client_C015/pre_test_loss":2.306186873824508,"Client_C011/num_samples":2025,"final_client_post_test_acc":0.7565185185185185,"Client_C005/post_test_loss":0.7302719436042632,"_runtime":2076.549795781,"Client_C012/num_samples":2025,"Client_C011/pre_test_acc":0.24296296296296296,"Client_C017/post_test_loss":1.533332845016762,"Global/final_round":50,"Client_C010/num_samples":2025,"Clients/avg_post_test_acc":0.7565185185185185,"Client_C010/post_test_acc":0.7748148148148148,"Client_C005/pre_test_loss":2.306923101566456,"Client_C004/num_samples":2025,"Client_C018/pre_test_acc":0,"Client_C002/pre_test_loss":2.3045312404632567,"Client_C008/post_test_acc":0.5851851851851851,"Client_C008/pre_test_loss":2.298149933638396,"Client_C000/pre_test_acc":0,"Client_C006/num_samples":2025,"Client_C007/pre_test_acc":0,"Client_C008/num_samples":2025,"Client_C009/post_test_loss":0.34624049778061883,"Client_C010/post_test_loss":0.7335820540233895,"Client_C013/num_samples":2025,"Client_C019/num_samples":2025,"Client_C010/pre_test_acc":0,"Client_C016/pre_test_acc":0.2637037037037037,"Client_C008/pre_test_acc":0,"Client_C012/post_test_acc":0.8237037037037037,"Client_C000/pre_test_loss":2.305960271976612,"Clients/avg_pre_test_loss":2.3028375239725465,"Client_C013/post_test_acc":0.5481481481481482,"Client_C009/pre_test_loss":2.3007419833430536,"Client_C004/post_test_loss":0.38165786430343157,"Clients/avg_pre_test_acc":0.098,"Global/test_loss":2.3029078781604766,"Client_C013/pre_test_acc":0,"Client_C001/num_samples":2025}