{"Client_C017/pre_test_acc":0.18074074074074073,"Clients/avg_post_test_loss":1.2662603414500202,"Client_C012/pre_test_loss":2.2702649430875423,"Client_C005/num_samples":2025,"Client_C007/num_samples":2025,"Client_C019/post_test_acc":0.6444444444444445,"Client_C011/pre_test_acc":0.1837037037037037,"Client_C013/num_samples":2025,"final_global_test_acc":0.1375,"Client_C007/pre_test_acc":0.18222222222222223,"Client_C000/num_samples":2025,"Client_C014/post_test_acc":0.6074074074074074,"Client_C016/post_test_acc":0.4533333333333333,"Client_C018/pre_test_loss":2.312040678660075,"Client_C011/num_samples":2025,"Client_C001/post_test_loss":1.2607213899824354,"Client_C012/pre_test_acc":0.17925925925925926,"Client_C018/post_test_loss":1.7878055614895292,"Client_C006/post_test_acc":0.45481481481481484,"Client_C002/pre_test_acc":0.1674074074074074,"Client_C006/post_test_loss":1.2743136231104533,"_runtime":69.47982198,"Client_C014/num_samples":2025,"Client_C004/pre_test_loss":2.2623203139834933,"Client_C019/pre_test_loss":2.2660934843840423,"_wandb":{"runtime":69},"Client_C001/post_test_acc":0.48592592592592593,"Global/final_round":3,"best_global_test_acc":0.1375,"Client_C015/post_test_loss":0.9635751299504881,"Client_C011/pre_test_loss":2.3185693550109865,"Client_C013/post_test_acc":0.3925925925925926,"Client_C015/pre_test_loss":2.260618011333324,"Client_C012/post_test_acc":0.46370370370370373,"final_global_test_loss":2.280528835932414,"Client_C004/post_test_loss":0.8511947694531193,"Client_C018/pre_test_acc":0.08592592592592592,"Client_C003/pre_test_loss":2.3199676951655634,"Client_C009/pre_test_loss":2.267922296170835,"Client_C011/post_test_acc":0.4074074074074074,"Client_C014/post_test_loss":0.9955456611845228,"Client_C017/post_test_loss":1.8237637548093442,"Client_C017/post_test_acc":0.4,"Client_C018/num_samples":2025,"Client_C009/post_test_acc":0.6162962962962963,"Client_C015/pre_test_acc":0.20296296296296296,"Client_C012/post_test_loss":1.269544148268523,"Client_C010/post_test_acc":0.5362962962962963,"Client_C016/post_test_loss":1.2342345991841068,"_timestamp":1.758909042721567e+09,"Client_C009/post_test_loss":0.9833913419864796,"Client_C008/pre_test_loss":2.3122253608703613,"Client_C009/num_samples":2025,"Clients/avg_pre_test_loss":2.2851615258499427,"Client_C008/post_test_loss":1.5442279137505426,"Clients/avg_post_test_acc":0.4905185185185185,"Client_C011/post_test_loss":1.3625324531837746,"Client_C007/post_test_loss":1.1881446702392013,"Client_C019/num_samples":2025,"Client_C016/pre_test_acc":0.1837037037037037,"Client_C016/pre_test_loss":2.3182719368404814,"Client_C018/post_test_acc":0.3585185185185185,"Client_C004/pre_test_acc":0.24,"best_client_post_test_acc":0.4905185185185185,"Client_C008/post_test_acc":0.37925925925925924,"Client_C004/num_samples":2025,"Client_C009/pre_test_acc":0.2222222222222222,"Client_C001/pre_test_loss":2.316912598433318,"final_round":3,"Global/test_acc":0.1375,"Client_C019/pre_test_acc":0.20444444444444446,"Client_C010/pre_test_acc":0.22814814814814816,"Client_C002/num_samples":2025,"Client_C001/pre_test_acc":0.20148148148148148,"Client_C008/pre_test_acc":0.08148148148148149,"Client_C001/num_samples":2025,"Client_C002/post_test_acc":0.37777777777777777,"Client_C003/post_test_acc":0.38074074074074077,"final_client_post_test_acc":0.4905185185185185,"Client_C003/post_test_loss":1.3179809211801599,"_step":3,"Client_C002/post_test_loss":1.4982931168874105,"Client_C008/num_samples":2025,"Client_C015/num_samples":2025,"Client_C007/post_test_acc":0.5051851851851852,"Global/step":3,"Clients/avg_pre_test_acc":0.17725925925925926,"final_client_pre_test_acc":0.17725925925925926,"Client_C012/num_samples":2025,"Client_C010/post_test_loss":1.185169855930187,"Client_C013/pre_test_loss":2.3110426016207093,"Client_C016/num_samples":2025,"Client_C013/pre_test_acc":0.08296296296296296,"Client_C002/pre_test_loss":2.271636063257853,"Client_C005/post_test_acc":0.5792592592592593,"Client_C007/pre_test_loss":2.266361581661083,"Client_C010/num_samples":2025,"Client_C005/post_test_loss":1.0388497953061704,"Client_C004/post_test_acc":0.6785185185185185,"Client_C000/post_test_loss":1.4325600579932884,"Client_C005/pre_test_acc":0.2325925925925926,"Client_C006/pre_test_loss":2.3196657933129203,"Client_C015/post_test_acc":0.5792592592592593,"Client_C010/pre_test_loss":2.2582687049441867,"Client_C006/num_samples":2025,"Client_C017/pre_test_loss":2.27202315153899,"Client_C000/post_test_acc":0.5096296296296297,"Client_C003/num_samples":2025,"Client_C003/pre_test_acc":0.056296296296296296,"Global/test_loss":2.280528835932414,"Client_C006/pre_test_acc":0.20296296296296296,"Client_C017/num_samples":2025,"Client_C014/pre_test_loss":2.268814783449526,"Client_C005/pre_test_loss":2.258766359753079,"Client_C013/post_test_loss":1.384106617503696,"Client_C000/pre_test_loss":2.251444803520485,"Client_C019/post_test_loss":0.9292514476069698,"Client_C000/pre_test_acc":0.21777777777777776,"Client_C014/pre_test_acc":0.2088888888888889}