{"Client_C013/num_samples":2025,"Client_C019/post_test_loss":0.6781150748773858,"Client_C015/pre_test_acc":0.09925925925925926,"Client_C001/pre_test_loss":2.2707350179884167,"Global/final_round":50,"Client_C014/num_samples":2025,"Client_C007/pre_test_acc":0.11555555555555555,"Client_C015/pre_test_loss":2.255202148931998,"Client_C004/post_test_loss":0.6818115037458914,"Client_C006/num_samples":2025,"Client_C017/num_samples":2025,"Client_C002/num_samples":2025,"Client_C011/post_test_acc":0.6074074074074074,"final_client_post_test_acc":0.6437037037037037,"Global/test_acc":0.14566666666666667,"Client_C012/pre_test_loss":2.2582515275036847,"Clients/avg_pre_test_acc":0.14207407407407407,"Global/step":50,"Client_C001/post_test_loss":1.3637224688353362,"final_client_pre_test_acc":0.14207407407407407,"Client_C011/pre_test_acc":0.24592592592592594,"Client_C015/post_test_loss":1.0262392122657211,"Client_C010/post_test_acc":0.6903703703703704,"Client_C017/post_test_acc":0.6651851851851852,"Client_C001/post_test_acc":0.5955555555555555,"Client_C013/pre_test_acc":0.002962962962962963,"Client_C012/pre_test_acc":0.10962962962962963,"Client_C018/pre_test_loss":2.3156576008266874,"Client_C013/post_test_acc":0.4088888888888889,"Client_C011/post_test_loss":1.265588375903942,"Client_C007/num_samples":2025,"Client_C017/pre_test_loss":2.2533791761045103,"Client_C003/pre_test_acc":0.008888888888888889,"Client_C012/num_samples":2025,"Client_C008/pre_test_acc":0.0014814814814814814,"Client_C009/pre_test_acc":0.23703703703703705,"Client_C014/pre_test_acc":0.23407407407407407,"Clients/avg_pre_test_loss":2.2786088600511905,"Client_C016/pre_test_loss":2.286118511977019,"Client_C014/pre_test_loss":2.290988163771453,"Client_C006/pre_test_acc":0.25333333333333335,"Client_C005/pre_test_acc":0.08296296296296296,"final_global_test_acc":0.14566666666666667,"Client_C002/post_test_acc":0.6977777777777778,"Client_C015/num_samples":2025,"final_global_test_loss":2.279898838043213,"Client_C003/num_samples":2025,"Client_C008/post_test_acc":0.4696296296296296,"Client_C000/num_samples":2025,"Client_C019/post_test_acc":0.8074074074074075,"Client_C000/post_test_acc":0.6711111111111111,"Client_C011/num_samples":2025,"Client_C003/pre_test_loss":2.319811387238679,"Client_C000/pre_test_acc":0.11259259259259259,"Client_C014/post_test_acc":0.8118518518518518,"Client_C017/pre_test_acc":0.1451851851851852,"Client_C007/post_test_loss":1.0431041592138786,"Client_C018/post_test_acc":0.4666666666666667,"Client_C009/post_test_acc":0.8014814814814815,"Client_C018/post_test_loss":1.8174616478107595,"Client_C001/pre_test_acc":0.24444444444444444,"Client_C012/post_test_acc":0.6266666666666667,"Client_C018/num_samples":2025,"Client_C005/post_test_acc":0.6681481481481482,"Client_C009/post_test_loss":0.7524465782554062,"Client_C010/pre_test_loss":2.2545491631825767,"Client_C016/post_test_acc":0.6370370370370371,"Client_C012/post_test_loss":1.225116574852555,"Client_C016/post_test_loss":1.2749079388159292,"Client_C010/num_samples":2025,"Client_C004/num_samples":2025,"Client_C001/num_samples":2025,"Client_C014/post_test_loss":0.718943704587442,"Client_C008/num_samples":2025,"Client_C004/post_test_acc":0.8177777777777778,"_timestamp":1.758911236820679e+09,"Client_C007/pre_test_loss":2.2489200313002975,"Client_C005/post_test_loss":1.0660452990178708,"Client_C008/pre_test_loss":2.317451762446651,"Client_C006/post_test_loss":1.5188883085604068,"Client_C005/pre_test_loss":2.2559077683201543,"best_client_post_test_acc":0.6437037037037037,"Client_C010/post_test_loss":1.086051464787236,"Client_C004/pre_test_loss":2.2823910879205775,"Client_C016/pre_test_acc":0.2311111111111111,"Client_C016/num_samples":2025,"Client_C002/pre_test_loss":2.259053104188707,"Client_C007/post_test_acc":0.7096296296296296,"Client_C013/post_test_loss":2.3673872534434,"Clients/avg_post_test_loss":1.2489598648978604,"Client_C010/pre_test_acc":0.10074074074074074,"Global/test_loss":2.279898838043213,"_step":50,"Client_C009/pre_test_loss":2.289526213893184,"Client_C003/post_test_loss":1.9950151009029813,"Client_C019/pre_test_loss":2.2887451627519395,"_wandb":{"runtime":766},"Clients/avg_post_test_acc":0.6437037037037037,"Client_C003/post_test_acc":0.4562962962962963,"Client_C004/pre_test_acc":0.24,"Client_C019/num_samples":2025,"Client_C002/pre_test_acc":0.1259259259259259,"Client_C000/post_test_loss":1.1796881730468185,"Client_C002/post_test_loss":0.9377974582601477,"Client_C005/num_samples":2025,"final_round":50,"_runtime":766.15552969,"Client_C019/pre_test_acc":0.23703703703703705,"Client_C008/post_test_loss":1.8779741142414235,"Client_C017/post_test_loss":1.1028928865326775,"best_global_test_acc":0.17,"Client_C011/pre_test_loss":2.276378536224365,"Client_C015/post_test_acc":0.6977777777777778,"Client_C006/post_test_acc":0.5674074074074074,"Client_C006/pre_test_loss":2.281892921306469,"Client_C000/pre_test_loss":2.2483132842735007,"Client_C018/pre_test_acc":0.013333333333333334,"Client_C009/num_samples":2025,"Client_C013/pre_test_loss":2.318904630872938}